FirstName,LastName,Email,CompanyName,Phone,Phone2,Street,City,State,ZipCode
'Yoshi','Farley','yoshi.farley@schneider.com','Paucek Group','(740) 753-2083','835-3370','94 E Franklin St','Nelsonville',' Ohio(OH)','45764'
'Sopoline','Luna','sopoline.luna@gottlieb.net',"'McClure, Stracke and Stark'",'(910) 862-7673','1-210-641-5993','5865 Us 701 Hwy S','Clarkton',' North Carolina(NC)','28433'
'Paula','Garza','paula.garza@prohaska.com',"'Kohler, Hirthe and Klocko'",'(970) 476-3495','1-412-537-0699','1329 Elk Horn Dr','Vail',' Colorado(CO)','81657'
'Karleigh','Potts','karleigh.potts@feil.com',"'Bayer, Sanford and Erdman'",'(715) 330-5077','1-413-610-8366','915 Carney Blvd','Marinette',' Wisconsin(WI)','54143'
'Chantale','Morgan','chantale.morgan@wintheiser.com',"'Smith, Gleichner and Fay'",'(330) 929-6607','576-5023','648 Viewpoint Ave','Cuyahoga Falls',' Ohio(OH)','44221'
'Barclay','Gregory','barclay.gregory@stark.com',"'Schowalter, Graham and Gerhold'",'(765) 659-9458','493-2211','957 E Clinton St','Frankfort',' Indiana(IN)','46041'
'Rosalyn','Emerson','rosalyn.emerson@eichmann.net','Williamson PLC','(813) 949-1234','1-993-468-6636','19102 Amelia Cir','Lutz',' Florida(FL)','33558'
'Andrew','Snow','andrew.snow@cruickshank.com','O'Keefe Group','(270) 678-4323','1-985-702-0250','337 Millstown Rd','Park City',' Kentucky(KY)','42160'
'Brenden','Rios','brenden.rios@koss.com',"'McKenzie, Kuvalis and Braun'",'(815) 453-2482','582-5683','7143 E Flagg Rd','Ashton',' Illinois(IL)','61006'
'Devin','Stark','devin.stark@lockman.org','Brekke-Gusikowski','(309) 246-5161','1-221-241-3418','413 S School St','Lacon',' Illinois(IL)','61540'
'Michael','Ward','michael.ward@ritchie.com','Brekke-Grimes','(815) 946-4300','168-3059','411 E Dixon St','Polo',' Illinois(IL)','61064'
'Ifeoma','Moon','ifeoma.moon@kilback.com','Gutkowski Ltd','(978) 410-5511','1-398-627-2906','961 West St','Gardner',' Massachusetts(MA)','1440'
'Penelope','Haney','penelope.haney@sporer.com','Reichel PLC','(253) 236-4048','1-966-335-8710','26413 187th Ave SE','Kent',' Washington(WA)','98042'
'Simon','Mcconnell','simon.mcconnell@will.net','Smith-Stamm','(717) 529-0185','1-552-279-3491','120 Quarryville Rd','Oxford',' Pennsylvania(PA)','19363'
'Ursula','Barber','ursula.barber@kemmer.net',"'Jast, Prohaska and Bartell'",'(801) 789-7933','462-8704','7851 Saddleback Dr','Eagle Mountain',' Utah(UT)','84005'
'Willow','Joseph','willow.joseph@morar.com','Schimmel-Kunze','(336) 794-0868','374-1960','126 Turner St','Winston Salem',' North Carolina(NC)','27104'
'Damon','Moreno','damon.moreno@schultz.com','Doyle LLC','(574) 772-3078','392-2511','635 N 1025th E','Knox',' Indiana(IN)','46534'
'Hedley','Tate','hedley.tate@moen.net','Feeney Group','(229) 482-1140','905-9226','26 Brooklyn Ln','Lakeland',' Georgia(GA)','31635'
'Moana','Pate','moana.pate@christiansen.com','Balistreri Inc','(512) 548-6586','957-0857','1909 332nd Loop','Liberty Hill',' Texas(TX)','78642'
'Ian','Mcknight','ian.mcknight@johnson.com','Mueller and Sons','(828) 855-0098','961-1811','3900 N Center St','Hickory',' North Carolina(NC)','28601'
'Tanya','Hardin','tanya.hardin@lang.com',"'Simonis, Langworth and Renner'",'(609) 645-5194','1-312-398-3566','14246 Oasis Cove Blvd','Egg Harbor Township',' New Jersey(NJ)','8234'
'Leilani','Pate','leilani.pate@hodkiewicz.com','Rath and Sons','(407) 347-8717','159-5434','20 Fairmount St','Windermere',' Florida(FL)','34786'
'Ivor','Farley','ivor.farley@wiza.com','Bode LLC','(781) 885-0186','1-786-926-6140','5709 Flagler St','Randolph',' Massachusetts(MA)','2368'
'Judah','Anderson','judah.anderson@swift.com',"'Fisher, Dietrich and Homenick'",'(504) 889-0207','317-6635','12 Michael St','Metairie',' Louisiana(LA)','70003'
'Philip','Lowery','philip.lowery@predovic.biz','Hane-Breitenberg','(201) 489-2290','596-0087','11974 Round Lake 42nd Ln','South Hackensack',' New Jersey(NJ)','7606'
'Camilla','Fowler','camilla.fowler@bartell.com','Kihn-Stokes','(906) 573-2416','1-334-397-2615','4170 Bristol Oak Dr','Wetmore',' Michigan(MI)','49895'
'Dieter','Snow','dieter.snow@koss.com','Mosciski Group','(269) 721-8460','1-176-177-7809','18719 Pikeview Dr','Dowling',' Michigan(MI)','49050'
'Rafael','Gilliam','rafael.gilliam@schowalter.com',"'Beier, Stanton and Pagac'",'(301) 916-1638','1-380-479-2800','100 E 2nd St','Germantown',' Maryland(MD)','20874'
'Ross','Jimenez','ross.jimenez@kling.com',"'Spencer, Stamm and Howe'",'(507) 764-6976','1-217-787-2404','Po Box 207','Sherburn',' Minnesota(MN)','56171'
'Xenos','Hoover','xenos.hoover@weissnat.net','Herzog Group','(435) 245-5826','1-126-896-6687','654 Pinebranch Cir','Paradise',' Utah(UT)','84328'
'Malachi','Nolan','malachi.nolan@koch.net',"'Schinner, Hermann and Renner'",'(321) 765-4671','291-8951','254 Rr 1','Winter Springs',' Florida(FL)','32708'
'Ignacia','Rojas','ignacia.rojas@toy.org',"'Erdman, Williamson and Kiehn'",'(217) 835-2973','1-632-626-2833','457 Lusk Hollow Rd','Staunton',' Illinois(IL)','62088'
'MacKenzie','Martinez','mackenzie.martinez@mcglynn.com','Hirthe Group','(864) 944-0175','1-823-963-5853','7874 Kennett Sq','Salem',' South Carolina(SC)','29676'
'Jolene','Hogan','jolene.hogan@rolfson.com',"'Jones, Graham and Reichert'",'(248) 926-0411','816-9304','3445 Eden Ln','West Bloomfield',' Michigan(MI)','48322'
'Quail','Marks','quail.marks@kulas.biz',"'Predovic, Schulist and Herzog'",'(352) 429-8026','1-679-470-8616','7614 SW Cherokee Ave','Groveland',' Florida(FL)','34736'
'Aline','Cabrera','aline.cabrera@dicki.biz','Nolan-Lang','(580) 536-0101','1-432-901-5915','2113 Wildflower Cir','Lawton',' Oklahoma(OK)','73505'
'Curran','Knight','curran.knight@mitchell.com','Bogan and Sons','(714) 256-1602','1-116-213-5705','100 Oak St','Brea',' California(CA)','92821'
'Emi','Hayes','emi.hayes@kuhic.com',"'Homenick, Lehner and Vandervort'",'(608) 635-8665','531-1696','305 N 3rd St','Poynette',' Wisconsin(WI)','53955'
'Hector','Rollins','hector.rollins@konopelski.com','Leuschke-Harber','(402) 582-4708','1-138-932-5347','4328 Airport Rd','Plainview',' Nebraska(NE)','68769'
'Vaughan','Beard','vaughan.beard@hartmann.com',"'Baumbach, Gerhold and McDermott'",'(724) 349-2178','329-6117','2854 Echo St','Indiana',' Pennsylvania(PA)','15701'
'Adria','Peters','adria.peters@russel.com','Collier-Koelpin','(815) 229-3475','1-378-599-8854','3 Hollow Pine Dr','Rockford',' Illinois(IL)','61109'
'Ezekiel','Harris','ezekiel.harris@cruickshank.biz','Medhurst-Hansen','(386) 774-9306','315-1582','1021 SE 9th Ave #55','Debary',' Florida(FL)','32713'
'Basil','Keller','basil.keller@ruecker.net','Mills and Sons','(541) 889-5601','522-8163','200 Old Colony Rd','Ontario',' Oregon(OR)','97914'
'Lee','Boyd','lee.boyd@aufderhar.com',"'Metz, Price and D'Amore'",'(828) 433-5306','904-2807','341 Richards Rd','Morganton',' North Carolina(NC)','28655'
'Denise','Joyce','denise.joyce@kling.biz','Kassulke and Sons','(989) 684-2732','1-200-480-7681','1119 Pleasant View Dr','Bay City',' Michigan(MI)','48706'
'Illana','Frost','illana.frost@shields.biz','Legros-Abernathy','(308) 382-4594','1-166-883-9879','211 Keuka St #1','Grand Island',' Nebraska(NE)','68801'
'Xanthus','Rojas','xanthus.rojas@dietrich.com',"'Balistreri, Quitzon and Johnston'",'(315) 694-7188','1-507-120-9519','4907 Landry St','Penn Yan',' New York(NY)','14527'
'Brandon','Strong','brandon.strong@runolfsdottir.org','Koss and Sons','(225) 642-0157','1-613-112-8864','23253 Lilliston Ave','Saint Gabriel',' Louisiana(LA)','70776'
'Seth','Hardin','seth.hardin@littel.com',"'Klocko, VonRueden and Senger'",'(757) 787-4143','1-310-224-0246','10712 131st St','Accomac',' Virginia(VA)','23301'
'Jin','Bird','jin.bird@johnston.com','Hammes Inc','(718) 848-3695','1-306-596-4606','Po Box','South Richmond Hill',' New York(NY)','11419'
'Keely','Mueller','keely.mueller@walker.com','Grady-Jaskolski','(334) 527-8718','821-7199','13155 Dozier Hwy','Fort Wainwright',' Alaska(AK)','99703'
'Fiona','Owens','fiona.owens@koss.com','Collins Group','(302) 235-2397','421-2119','494 Dogwood Dr','Brantley',' Alabama(AL)','36009'
'Emerald','Cook','emerald.cook@king.com','Wiza Inc','(850) 587-3808','506-2890','1465 Evers Hvn','Hockessin',' Delaware(DE)','19707'
'Grace','Vargas','grace.vargas@okeefe.com',"'Dicki, Wolff and Kozey'",'(515) 984-6952','159-3477','10398 NW 44th St','Cantonment',' Florida(FL)','32533'
'Amelia','Lewis','amelia.lewis@armstrong.net','Krajcik-Rolfson','(478) 956-6136','1-967-619-0995','164 Gleneagle Dr','Polk City',' Iowa(IA)','50226'
'Zeus','Figueroa','zeus.figueroa@brown.com',"'Medhurst, Hansen and Schroeder'",'(336) 581-3219','1-737-224-3928','312 Nc 22 Hwy #42','Byron',' Georgia(GA)','31008'
'Anthony','Whitaker','anthony.whitaker@runolfsson.com',"'Jacobi, Rohan and Olson'",'(270) 276-5551','602-6845','576 Denton Slack Rd','Bennett',' North Carolina(NC)','27208'
'Jameson','Sweet','jameson.sweet@corwin.com',"'Keebler, Hermann and Beer'",'(518) 893-6178','629-9848','16 Canyon Crossing Rd','Fordsville',' Kentucky(KY)','42343'
'Carson','Herring','carson.herring@jones.net',"'Kassulke, Lesch and Fritsch'",'(740) 545-9184','1-397-736-8702','304 E Russell Ave','Greenfield Center',' New York(NY)','12833'
'Katelyn','Chen','katelyn.chen@goldner.com',"'Skiles, Bartoletti and Grant'",'(734) 498-2370','822-2583','119 N Water St','West Lafayette',' Ohio(OH)','43845'
'Plato','Page','plato.page@jacobs.com',"'Labadie, Fisher and Larkin'",'(360) 673-2483','441-2510','2711 Green Mountain Rd','Stockbridge',' Michigan(MI)','49285'
'Forrest','Ramsey','forrest.ramsey@bahringer.info',"'Huels, Spinka and Dare'",'(253) 446-6978','902-2020','1620 7th Ave SE','Kalama',' Washington(WA)','98625'
'Norman','Greer','norman.greer@robel.com','Hamill Inc','(319) 316-9718','1-670-607-8057','604 E Ave E','Puyallup',' Washington(WA)','98372'
'Andrew','Owens','andrew.owens@ebert.com','Rutherford-Gorczany','(706) 652-2458','1-879-195-8793','409 Mcclure Rd','Fort Madison',' Iowa(IA)','52627'
'Michael','Kirk','michael.kirk@heller.com','Reichert and Sons','(916) 635-6752','799-1360','2100 Danbury Way','Gillsville',' Georgia(GA)','30543'
'Kenyon','Bridges','kenyon.bridges@wiegand.com','Koelpin Inc','(706) 283-3935','1-196-432-2560','3075 Calhoun Falls Hwy','Rancho Cordova',' California(CA)','95670'
'Zelda','Winters','zelda.winters@ryan.com',"'Senger, Jones and Mayer'",'(662) 256-9228','1-553-135-8032','30079 Smith Dr','Elberton',' Georgia(GA)','30635'
'September','Munoz','september.munoz@aufderhar.com',"'Mayert, Cronin and Carter'",'(660) 646-1091','1-791-788-3718','1923 Clay St','Okolona',' Mississippi(MS)','38860'
'Orlando','Mccarty','orlando.mccarty@leannon.org',"'Kihn, Berge and Rodriguez'",'(307) 674-6886','1-826-187-5874','625 Park St','Chillicothe',' Missouri(MO)','64601'
'Trevor','Anderson','trevor.anderson@muller.com','Homenick Ltd','(909) 795-7580','588-0213','35113 Mesa Grande Dr','Sheridan',' Wyoming(WY)','82801'
'Hashim','Woodard','hashim.woodard@yundt.com',"'Upton, Klein and Gibson'",'(218) 924-4066','1-650-972-4997','59343 Welcome Rd','Calimesa',' California(CA)','92320'
'Uriah','Todd','uriah.todd@parker.com','Purdy-Tillman','(256) 396-2656','1-780-697-1810','1872 County Rd #57','Hewitt',' Minnesota(MN)','56453'
'Branden','Crosby','branden.crosby@purdy.com','Gottlieb-Stracke','(740) 385-1143','1-813-912-3561','150 Saddlebrook Ln UNT 529','Lineville',' Alabama(AL)','36266'
'Amity','Boyd','amity.boyd@swaniawski.net',"'Ullrich, Purdy and Weimann'",'(765) 478-6863','610-6914','13255 State 374 Rte','Florence',' Kentucky(KY)','41042'
'Imogene','Roberts','imogene.roberts@pfeffer.org',"'Rohan, Effertz and Wolf'",'(218) 681-2861','1-996-783-8507','3418 W County 600 Rd N','Rockbridge',' Ohio(OH)','43149'
'Kelly','Byers','kelly.byers@cronin.com',"'Zieme, Bernhard and Johnson'",'(724) 564-5877','1-681-156-1396','1247 Edgewood Dr','Milton',' Indiana(IN)','47357'
'Xaviera','Carr','xaviera.carr@ward.com',"'Ruecker, Pouros and Marvin'",'(540) 947-5435','527-8943','217 Barton Hollow Rd','Thief River Falls',' Minnesota(MN)','56701'
'Shana','Hardy','shana.hardy@purdy.com','Heathcote-Collier','(269) 782-9757','1-697-253-9864','1426 Audrey Ln','Smithfield',' Pennsylvania(PA)','15478'
'Cally','Lowery','cally.lowery@shanahan.com','Rath PLC','(850) 643-5787','104-6899','209 Courtland St','Blue Ridge',' Virginia(VA)','24064'
'Carol','Justice','carol.justice@barton.biz',"'Murray, Harber and Turner'",'(631) 754-2034','1-566-879-4832','18482 NW County 379a Rd','Dowagiac',' Michigan(MI)','49047'
'Portia','Trevino','portia.trevino@fritsch.org','Hegmann Inc','(740) 992-5956','386-8124','521 4th St','Bristol',' Florida(FL)','32321'
'Lynn','Thornton','lynn.thornton@rippin.org','McLaughlin and Sons','(937) 448-2028','1-353-817-9146','43190 State 124 Rte','East Northport',' New York(NY)','11731'
'Hayley','Sharp','hayley.sharp@zemlak.com','Franecki Ltd','(660) 263-7904','953-1853','113 Short St','Racine',' Ohio(OH)','45771'
'Evelyn','Clay','evelyn.clay@bins.com',"'Parisian, Mayert and Schultz'",'(219) 548-0505','1-628-917-9833','205 Farror St','Bradford',' Ohio(OH)','45308'
'Iris','Baldwin','iris.baldwin@balistreri.com','Graham-Hyatt','(248) 546-9717','539-6508','442 S 4th St','Moberly',' Missouri(MO)','65270'
'Kermit','Jimenez','kermit.jimenez@oconner.com',"'Von, Fadel and Torphy'",'(603) 893-7232','1-553-191-7949','1692 Earlmont Rd','Chesterton',' Indiana(IN)','46304'
'Talon','Meyers','talon.meyers@klocko.com',"'Kris, Nader and Casper'",'(652) 652-9732','1-128-390-5649','602 Cherry Ave','Berkley',' Michigan(MI)','48072'
'Jeanette','Fulton','jeanette.fulton@stracke.biz','Walsh-McCullough','(740) 753-2083','1-461-162-2682','784 Pennsylvania Dr #2','Niles',' Ohio(OH)','44446'
'Mona','England','mona.england@altenwerth.org','Halvorson Ltd','(652) 862-7673','1-253-698-3554','24 Koper Ln','Palatine',' Illinois(IL)','60074'
'Austin','Mccormick','austin.mccormick@brakus.biz','Wiegand-Ondricka','(970) 476-3495','840-0672','365 Jeffus St','Pelham',' New Hampshire(NH)','30765'
'Joseph','Rich','joseph.rich@heller.com',"'Hyatt, Purdy and Walsh'",'(715) 330-5077','389-2410','4899 Barnett Ave','Deport',' Texas(TX)','75435'
'Tanya','Gilbert','tanya.gilbert@weber.net','Ernser and Sons','(330) 929-6607','1-818-893-9328','1013-1/2 Cloquet Ave','Sharpsville','Indiana(IN)','46068'
'Velma','Barrera','velma.barrera@nader.com','Jenkins-Rolfson','(330) 659-9458','1-152-122-4882','385 Mountview Dr','Cloquet','Minnesota(MN)','55720'
'Odysseus','Beach','odysseus.beach@langworth.com',"'Bailey, Blick and Gutkowski'",'(813) 949-1234','265-0974','36 Rooney Rd SW','Mocksville','North Carolina(NC)','27028'
'Brady','Hubbard','brady.hubbard@balistreri.net','Boehm Group','(270) 678-4323','495-1814','4711 Cordell Dr','Rome','Georgia(GA)','30165'
'Colby','Monroe','colby.monroe@klein.biz','Beier-Lehner','(815) 453-2482','1-980-766-4028','42 Main','Roanoke','Virginia(VA)','24018'
'Freya','Kennedy','freya.kennedy@parisian.com',"'Kautzer, Heidenreich and Kiehn'",'(753) 246-5161','636-9708','607 S Fawn St','Mount Vision','New York(NY)','13810'
'Jonah','Parker','jonah.parker@quigley.com','Kovacek Group','(753) 946-4300','103-5823','3511 Pintail Dr S','Caney','Kansas(KS)','67333'
'Kimberly','Jarvis','kimberly.jarvis@cormier.net','Torp PLC','(992) 410-5511','1-459-107-0034','339 Monroe Way','Jacksonville Beach','Florida(FL)','32250'
'Dean','Wyatt','dean.wyatt@langosh.net','Schiller PLC','(706) 236-4048','1-727-636-3904','2 Price Rd','Twin Falls','Idaho(ID)','83301'
